title,url,thumbnail_url,channel,description
"Social Media ‡§ï‡•á Stars ‡§ï‡§æ ‡§¨‡§µ‡§æ‡§≤ | MC Stan, Bhuvan, Dolly | The Kapil Sharma Show 2 |Ep 312|19 Mar 2023",https://www.youtube.com/watch?v=1zmZFPaDXBg,https://i.ytimg.com/vi/1zmZFPaDXBg/hqdefault.jpg?sqp=-oaymwEcCPYBEIoBSFXyq4qpAw4IARUAAIhCGAFwAcABBg==&rs=AOn4CLAxxPv1VzXuu-VfIKrbFTZLWM3SgQ,SET India,Synopsis: Social Media ‡§ï‡•á Stars ‡§ï‡§æ ‡§¨‡§µ‡§æ‡§≤ ----------------------------------------------------------------------------------------------------- Kapil starts the show with a...
My Birthday Celebration üéâü•≥ | Suhana | Basheer Bashi | Mashura,https://www.youtube.com/watch?v=Bxj8u3ldBjQ,,Suhana Basheer,1) BB BORNA SKIN BRIGHTENING CREAM Shop now üëá https://wa.me/p/6386882754662211/918089680298 2) BB BORNA BEARD OIL Shop now üëá https://wa.me/p/5226451670793499/918089680298 3) BB1988...
Pandian Stores | 20th to 25th March 2023 - Promo,https://www.youtube.com/watch?v=Xuy4exn__sw,,Vijay Television,‡Æ™‡Ææ‡Æ£‡Øç‡Æü‡Æø‡ÆØ‡Æ©‡Øç ‡Æ∏‡Øç‡Æü‡Øã‡Æ∞‡Øç‡Æ∏‡Øç - ‡Æ§‡Æø‡Æô‡Øç‡Æï‡Æ≥‡Øç ‡ÆÆ‡ØÅ‡Æ§‡Æ≤‡Øç ‡Æö‡Æ©‡Æø ‡Æá‡Æ∞‡Æµ‡ØÅ 8 ‡ÆÆ‡Æ£‡Æø‡Æï‡Øç‡Æï‡ØÅ ‡Æ®‡ÆÆ‡Øç‡ÆÆ ‡Æµ‡Æø‡Æú‡ÆØ‡Øç ‡Æü‡Æø‡Æµ‡Æø‡Æ≤.. Click...
Highlights - ATK Mohun Bagan 2-2 Bengaluru FC (AET 4-3 pens) | Hero ISL Final 2022-23,https://www.youtube.com/watch?v=kgJ2xbDwF5Q,,Indian Super League,@ATKMohunBaganFC emerge victorious against @bfctv4647 to be crowned as the #HeroISL 2022-23 Champions! üèÜ #ATKMBBFC #HeroISLFinal #LetsFootball #ATKMohunBagan #BengaluruFC Follow all the...
Highlights FC Barcelona vs Real Madrid (2-1),https://www.youtube.com/watch?v=LtwaDBjNop0,,LaLiga Santander,Heroic El Cl√°sico win for FC Barcelona thanks to a goal of Franck Kessie in the extra time #Bar√ßaRealMadrid #ElCl√°sico Matchday 26 LaLiga Santander 2022/2023 Suscr√≠bete al canal oficial...
Backbenchers - College Life | Ep - 10 | Dora Sai Teja | Varsha Dsouza | Tej India | Infinitum Media,https://www.youtube.com/watch?v=oGYCja1sk9U,,Tej India,#Ad #KhiladiApp Checkout Khiladi App - http://bit.ly/3YUm2Wd Disclaimer: We do not intend to promote investment/ gambling/ illegal betting of any kind. Viewer discretion is advised. If your...
I Paid A Real Assassin To Try To Kill Me,https://www.youtube.com/watch?v=YLt73w6criQ,,MrBeast,File with TurboTax today to get your biggest refund possible ü§ë http://bit.ly/MrBeastxTurboTax New Merch - https://shopmrbeast.com/ SUBSCRIBE OR I TAKE YOUR DOG ‚ïî‚ïê‚ï¶‚ïó‚ïî‚ï¶‚ïó‚ïî‚ïê‚ï¶...
I PLAYED THIS BATTLE ROYALE GAME MADE IN INDIA,https://www.youtube.com/watch?v=Jac2s2WyhDs,,The RawKnee Games,TODAY I WENT TO PUNE TO PLAY THE NEW GAME INDUS BATTLE ROYALE BEFORE RELEASE! Indus is doing a 100 Special Edition Indus T-Shirt. All you have to do is go to https://youtu.be/bNahuPSuoVE and...
;‡¥ó‡µç‡¥Ø‡¥æ‡¥∏‡µç ‡¥ï‡µÅ‡¥±‡µç‡¥±‡¥ø ‡¥µ‡¥≤‡¥ø‡¥ö‡µç‡¥ö‡µÜ‡¥±‡¥ø‡¥û‡µç‡¥û ‡¥ó‡µÉ‡¥π‡¥®‡¥æ‡¥•‡µª ‡¥™‡¥ø‡¥®‡µç‡¥®‡µÄ‡¥ü‡µç ‡¥ï‡¥£‡µç‡¥ü‡µÅ ‡¥™‡¥ø‡¥ü‡¥ø‡¥ö‡µç‡¥ö ‡¥Ö‡¥ü‡µÅ‡¥™‡µç‡¥™‡µç ‡¥®‡¥ø‡¥ô‡µç‡¥ô‡¥≥‡µÜ ‡¥û‡µÜ‡¥ü‡µç‡¥ü‡¥ø‡¥ï‡µç‡¥ï‡µÅ‡¥Ç...,https://www.youtube.com/watch?v=BaWEpNtP5Ko,,Moinus Vlogs,‡¥µ‡¥ø‡¥≤ ‡¥ï‡µÇ‡¥ü‡¥ø‡¥Ø‡¥§‡µç ‡¥ï‡¥æ‡¥∞‡¥£‡¥Ç ‡¥ó‡µç‡¥Ø‡¥æ‡¥∏‡µç ‡¥ï‡µÅ‡¥±‡µç‡¥±‡¥ø ‡¥µ‡¥≤‡¥ø‡¥ö‡µç‡¥ö‡µÜ‡¥±‡¥ø‡¥û‡µç‡¥û ‡¥ó‡µÉ‡¥π‡¥®‡¥æ‡¥•‡µª ‡¥™‡¥ø‡¥®‡µç‡¥®‡µÄ‡¥ü‡µç ‡¥ï‡¥£‡µç‡¥ü‡µÅ ‡¥™‡¥ø‡¥ü...
DARKHEROES: THE END | Minecraft [S2 Episode 12],https://www.youtube.com/watch?v=vA1edPoOzeY,,ProBoiz 95,"So today, we are going to End this Oculus and Kenny Thing in Minecraft, But it is not over yet... Thanks for Watching :) Next Season Soon! FOLLOW ME : Instagram - https://www.instagram.com/proboiz..."
